Gmean,F1,Precision,Recall,TP,TN,FP,FN
0.0,0.0,0.0,0.0,0,304,8,17
0.0,0.0,0.0,0.0,0,300,12,17
0.24097589422760396,0.0909090909090909,0.2,0.058823529411764705,1,308,4,16
0.24019223070763068,0.08333333333333333,0.14285714285714285,0.058823529411764705,1,306,6,16
0.0,0.0,0.0,0.0,0,304,8,17
0.0,0.0,0.0,0.0,0,303,9,17
0.0,0.0,0.0,0.0,0,305,7,17
0.0,0.0,0.0,0.0,0,310,2,17
0.0,0.0,0.0,0.0,0,305,7,17
0.0,0.0,0.0,0.0,0,310,2,17
